{
  "training_date": "2026-01-29T16:42:56.063445",
  "device": "cuda",
  "gpu_name": "NVIDIA GeForce RTX 4060 Laptop GPU",
  "long_training": true,
  "tsmixer_config": {
    "input_size": 336,
    "horizon": 24,
    "n_block": 10,
    "ff_dim": 128,
    "dropout": 0.308,
    "revin": true,
    "learning_rate": 0.00059,
    "max_steps": 10000,
    "batch_size": 32,
    "val_check_steps": 100,
    "early_stop_patience": 20,
    "gradient_clip_val": 1.0
  },
  "tsmixer_horizons": [
    1,
    2,
    3,
    4,
    5,
    6,
    7,
    8,
    23,
    24
  ],
  "ml_horizons": [
    9,
    10,
    11,
    12,
    13,
    14,
    15,
    16,
    17,
    18,
    19,
    20,
    21,
    22
  ],
  "results": {
    "persistence": {
      "t+1": 51.074613302158276,
      "t+2": 54.33293568804035,
      "t+3": 57.108133091630584,
      "t+4": 59.425888381502894,
      "t+5": 61.52758636758321,
      "t+6": 63.358477398550725,
      "t+7": 65.5816185486212,
      "t+8": 67.90274223110465,
      "t+9": 69.04740697234352,
      "t+10": 69.41586191690962,
      "t+11": 69.47254040145985,
      "t+12": 69.48690349780702,
      "t+13": 69.63121253660323,
      "t+14": 69.78334087243402,
      "t+15": 69.31941558737151,
      "t+16": 67.52846204411765,
      "t+17": 65.8712303681885,
      "t+18": 64.46936651917403,
      "t+19": 62.78201230059085,
      "t+20": 60.810290591715976,
      "t+21": 59.595905296296294,
      "t+22": 59.231664981454,
      "t+23": 59.23656202451709,
      "t+24": 59.684455725446426,
      "average": 63.569942776900895
    },
    "tsmixer": {
      "t+1": 19.8031885678304,
      "t+2": 24.602303791422525,
      "t+3": 21.989087296142582,
      "t+4": 21.4342212931722,
      "t+5": 20.76651116674805,
      "t+6": 21.76961563606771,
      "t+7": 23.63552940983073,
      "t+8": 28.21971990144857,
      "t+9": 40.441484677205395,
      "t+10": 55.57469717195637,
      "t+11": 57.360874799519856,
      "t+12": 63.8175243955892,
      "t+13": 81.2498257055257,
      "t+14": 78.65450532812501,
      "t+15": 74.74053975024414,
      "t+16": 82.28771707674154,
      "t+17": 72.81973398409015,
      "t+18": 63.6719522200114,
      "t+19": 50.28233569091797,
      "t+20": 51.84012380033366,
      "t+21": 50.179521774169935,
      "t+22": 48.60532760774739,
      "t+23": 48.51866141467285,
      "t+24": 45.91323937988281,
      "average": 47.84076007664151
    },
    "ml_ensemble": {
      "t+9": 41.479417743689936,
      "t+10": 41.87763576955071,
      "t+11": 40.94263366791067,
      "t+12": 41.96345270529272,
      "t+13": 41.29881247152323,
      "t+14": 40.98055967140161,
      "t+15": 40.44813709972247,
      "t+16": 40.65844253790296,
      "t+17": 40.4427907561932,
      "t+18": 40.92861226775635,
      "t+19": 40.76255129564845,
      "t+20": 41.651206511246535,
      "t+21": 42.455123089792295,
      "t+22": 43.25988665658911,
      "average": 41.367804446015725
    },
    "hybrid": {
      "t+1": 19.8031885678304,
      "t+2": 24.602303791422525,
      "t+3": 21.989087296142582,
      "t+4": 21.4342212931722,
      "t+5": 20.76651116674805,
      "t+6": 21.76961563606771,
      "t+7": 23.63552940983073,
      "t+8": 28.21971990144857,
      "t+23": 48.51866141467285,
      "t+24": 45.91323937988281,
      "t+9": 41.479417743689936,
      "t+10": 41.87763576955071,
      "t+11": 40.94263366791067,
      "t+12": 41.96345270529272,
      "t+13": 41.29881247152323,
      "t+14": 40.98055967140161,
      "t+15": 40.44813709972247,
      "t+16": 40.65844253790296,
      "t+17": 40.4427907561932,
      "t+18": 40.92861226775635,
      "t+19": 40.76255129564845,
      "t+20": 41.651206511246535,
      "t+21": 42.455123089792295,
      "t+22": 43.25988665658911,
      "average": 35.65838917089328
    }
  },
  "improvements": {
    "tsmixer_vs_baseline": 24.74311288191819,
    "ml_ensemble_vs_baseline": 34.925528262316845,
    "hybrid_vs_baseline": 43.906840853960475
  }
}