{
  "meta_features": [
    "logit_p",
    "hour_sin",
    "hour_cos",
    "month_sin",
    "month_cos",
    "zeros_24h",
    "zeros_168h",
    "horizon"
  ],
  "lambda_smoothing": 10.0,
  "min_positives_per_hour": 200,
  "calibration_date": "2025-10-10T21:38:34.648112",
  "ece_before": 0.15871449753414557,
  "ece_after": 0.01076836110333849,
  "final_f1": 0.7439152860054998
}