{
  "training_date": "2026-01-29T16:31:09.980794",
  "tsmixer_steps": 2000,
  "meta_type": "ridge",
  "test_results": {
    "stacked": {
      "t+1": 23.155354435481232,
      "t+2": 26.307715988180355,
      "t+3": 27.742496631141787,
      "t+4": 22.982026514781833,
      "t+5": 26.423460051882877,
      "t+6": 21.04367945409343,
      "t+7": 22.542609451701786,
      "t+8": 28.226954128393004,
      "t+9": 39.80631973998715,
      "t+10": 55.79927425042675,
      "t+11": 49.68635216854795,
      "t+12": 53.60257467717705,
      "t+13": 67.55564219229069,
      "t+14": 63.98634037541803,
      "t+15": 64.12593453237197,
      "t+16": 68.77494417810233,
      "t+17": 59.26420953930249,
      "t+18": 49.93299855977918,
      "t+19": 36.5819190193102,
      "t+20": 41.36577732338616,
      "t+21": 40.79671220844691,
      "t+22": 42.51700840633279,
      "t+23": 46.02173637687258,
      "t+24": 41.671979699403146
    },
    "tsmixer": {
      "t+1": 22.319467484822596,
      "t+2": 24.83792509346517,
      "t+3": 24.973580153889976,
      "t+4": 22.1881019691569,
      "t+5": 25.475729325968427,
      "t+6": 24.23481002526855,
      "t+7": 21.547283626790364,
      "t+8": 26.631317377563473,
      "t+9": 36.51928533410645,
      "t+10": 53.4047295575358,
      "t+11": 51.21116825105795,
      "t+12": 54.82627886726889,
      "t+13": 66.35829042952473,
      "t+14": 65.70386811112468,
      "t+15": 64.08803645157877,
      "t+16": 68.41763305074055,
      "t+17": 58.79730015913899,
      "t+18": 50.40858632096354,
      "t+19": 35.877248019775394,
      "t+20": 42.02009688549804,
      "t+21": 42.22969200113933,
      "t+22": 45.54616441125488,
      "t+23": 45.8999040041097,
      "t+24": 42.871608580485024
    },
    "lgb": {
      "t+1": 23.997431195582656,
      "t+2": 24.262237462567963,
      "t+3": 20.902510389039502,
      "t+4": 24.4295826808546,
      "t+5": 27.371073227813813,
      "t+6": 27.6381848321771,
      "t+7": 25.368041332242434,
      "t+8": 29.072941513853277,
      "t+9": 41.17840284403845,
      "t+10": 58.12637983258496,
      "t+11": 52.25413372888329,
      "t+12": 53.57339416758556,
      "t+13": 69.10454051407733,
      "t+14": 65.31420560636987,
      "t+15": 60.00903783207566,
      "t+16": 64.53276242973239,
      "t+17": 53.07278028031515,
      "t+18": 47.91207097591516,
      "t+19": 35.62308999975815,
      "t+20": 42.88669074094074,
      "t+21": 43.980987927637926,
      "t+22": 44.30681963999375,
      "t+23": 45.2510245867364,
      "t+24": 42.4460941931238
    },
    "xgb": {
      "t+1": 22.199661299855553,
      "t+2": 25.567294516123454,
      "t+3": 19.767477896504715,
      "t+4": 23.200515134521478,
      "t+5": 27.13334341680908,
      "t+6": 25.04390643387858,
      "t+7": 24.137148192036946,
      "t+8": 28.08245636272176,
      "t+9": 39.740145200866706,
      "t+10": 56.37757800538126,
      "t+11": 52.62701129272461,
      "t+12": 51.76725537742107,
      "t+13": 70.09604099698892,
      "t+14": 62.472484692281085,
      "t+15": 62.5023930281779,
      "t+16": 63.40203668654378,
      "t+17": 53.06205180668132,
      "t+18": 50.102065225708,
      "t+19": 40.551035812703454,
      "t+20": 43.93000770019531,
      "t+21": 47.54053788553874,
      "t+22": 42.90559591088868,
      "t+23": 44.616125180216464,
      "t+24": 44.04825542378743
    },
    "simple_avg": {
      "t+1": 21.861831126077366,
      "t+2": 24.54290488582958,
      "t+3": 20.91659171714332,
      "t+4": 22.214271123037744,
      "t+5": 25.896457572515846,
      "t+6": 24.372163310559493,
      "t+7": 22.751833415667615,
      "t+8": 26.13180092257257,
      "t+9": 38.2468832827365,
      "t+10": 55.36300553652738,
      "t+11": 51.0748676731301,
      "t+12": 51.879543466312995,
      "t+13": 67.81343056004214,
      "t+14": 63.21706435490436,
      "t+15": 61.42629035491333,
      "t+16": 63.518246226919736,
      "t+17": 53.93310689390911,
      "t+18": 46.44488960662093,
      "t+19": 33.3047662972294,
      "t+20": 40.98603097273461,
      "t+21": 42.53022339693492,
      "t+22": 42.60376385129193,
      "t+23": 44.072864117399334,
      "t+24": 41.38104661295032
    }
  },
  "average_results": {
    "stacked": 42.49641749595049,
    "tsmixer": 42.349504395509506,
    "lgb": 42.60893408057917,
    "xgb": 42.53635097827318,
    "simple_avg": 41.10349488658169
  },
  "wins_per_model": {
    "stacked": 4,
    "tsmixer": 6,
    "lgb": 2,
    "xgb": 5,
    "simple_avg": 7
  },
  "weights": {
    "1": {
      "tsmixer": 0.1863372991155833,
      "lgb": 0.7405804627850008,
      "xgb": 0.07308223809941594,
      "alpha": 100.0
    },
    "2": {
      "tsmixer": 0.30776286337109693,
      "lgb": 0.7045213732508472,
      "xgb": -0.012284236621944056,
      "alpha": 100.0
    },
    "3": {
      "tsmixer": 0.7046509337970535,
      "lgb": 0.4052946917027338,
      "xgb": -0.10994562549978736,
      "alpha": 100.0
    },
    "4": {
      "tsmixer": 0.7774054837343428,
      "lgb": 0.5073811887480938,
      "xgb": -0.2847866724824366,
      "alpha": 0.1
    },
    "5": {
      "tsmixer": 0.7271298972518627,
      "lgb": 0.40697793485560463,
      "xgb": -0.13410783210746724,
      "alpha": 0.1
    },
    "6": {
      "tsmixer": 0.6191991530413852,
      "lgb": -0.45150215121702075,
      "xgb": 0.8323029981756355,
      "alpha": 0.1
    },
    "7": {
      "tsmixer": 0.5268753984016977,
      "lgb": 0.10429980141814553,
      "xgb": 0.36882480018015673,
      "alpha": 0.1
    },
    "8": {
      "tsmixer": 0.5702028039054597,
      "lgb": 0.08188640309219836,
      "xgb": 0.3479107930023419,
      "alpha": 0.1
    },
    "9": {
      "tsmixer": 0.6195145419421263,
      "lgb": 0.5905572933274557,
      "xgb": -0.21007183526958184,
      "alpha": 100.0
    },
    "10": {
      "tsmixer": 0.6171095297420506,
      "lgb": 0.29180211330324285,
      "xgb": 0.09108835695470653,
      "alpha": 100.0
    },
    "11": {
      "tsmixer": 0.680380913854471,
      "lgb": -0.22527605389356456,
      "xgb": 0.5448951400390936,
      "alpha": 0.1
    },
    "12": {
      "tsmixer": 0.7611108108054158,
      "lgb": 0.1814803051442578,
      "xgb": 0.0574088840503264,
      "alpha": 0.1
    },
    "13": {
      "tsmixer": 0.7264496248864531,
      "lgb": -0.10494196890106655,
      "xgb": 0.37849234401461335,
      "alpha": 100.0
    },
    "14": {
      "tsmixer": 0.6901120270132735,
      "lgb": -0.07828952610934067,
      "xgb": 0.3881774990960673,
      "alpha": 100.0
    },
    "15": {
      "tsmixer": 0.627213757275477,
      "lgb": 0.20583226013323866,
      "xgb": 0.16695398259128436,
      "alpha": 0.1
    },
    "16": {
      "tsmixer": 0.7383605008823924,
      "lgb": 0.3249003924063428,
      "xgb": -0.06326089328873508,
      "alpha": 100.0
    },
    "17": {
      "tsmixer": 0.8225550136260655,
      "lgb": 0.5858349610058176,
      "xgb": -0.408389974631883,
      "alpha": 100.0
    },
    "18": {
      "tsmixer": 0.6872656460629052,
      "lgb": 0.79672925993524,
      "xgb": -0.48399490599814526,
      "alpha": 100.0
    },
    "19": {
      "tsmixer": 0.5408155553996344,
      "lgb": 0.2900850489971316,
      "xgb": 0.16909939560323403,
      "alpha": 100.0
    },
    "20": {
      "tsmixer": 0.47729375908879473,
      "lgb": 0.5365455819328426,
      "xgb": -0.013839341021637384,
      "alpha": 100.0
    },
    "21": {
      "tsmixer": 0.5661867112102776,
      "lgb": 0.2343363986322522,
      "xgb": 0.19947689015747022,
      "alpha": 100.0
    },
    "22": {
      "tsmixer": 0.511738804542474,
      "lgb": 0.19755084658657637,
      "xgb": 0.29071034887094965,
      "alpha": 100.0
    },
    "23": {
      "tsmixer": 0.1961245112326397,
      "lgb": 1.138269684234698,
      "xgb": -0.33439419546733756,
      "alpha": 100.0
    },
    "24": {
      "tsmixer": 0.1953588093915962,
      "lgb": 0.9119972509577507,
      "xgb": -0.10735606034934708,
      "alpha": 100.0
    }
  }
}