{
  "Produccion (LGB+XGB)": {
    "mae": 50.76319105113636,
    "rmse": 82.04228939779604,
    "mape": 50.74522055688957,
    "short": 75.02682579545454,
    "mid": 61.39655631313132,
    "long": 33.3146910479798,
    "zero_precision": 0.4485981308411215,
    "zero_recall": 0.7659574468085106,
    "zero_f1": 0.5658153241650294,
    "zero_accuracy": 0.790719696969697,
    "tp": 144,
    "fp": 177,
    "fn": 44,
    "tn": 691,
    "n_actual_zeros": 188,
    "n_pred_zeros": 321,
    "mae_when_zero": 19.4625,
    "mae_when_nonzero": 57.54260339861751,
    "n": 1056,
    "horizon_mae": {
      "1": 51.64840053030302,
      "2": 82.25869666666667,
      "3": 92.78303863636364,
      "4": 90.47717931818183,
      "5": 64.92164719696969,
      "6": 68.07199242424244,
      "7": 62.5036018939394,
      "8": 79.26541037878789,
      "9": 57.8960765909091,
      "10": 60.66356856060606,
      "11": 51.735594242424256,
      "12": 56.3150862121212,
      "13": 37.87655977272727,
      "14": 35.74366287878788,
      "15": 35.40044204545455,
      "16": 32.17833674242425,
      "17": 28.308991818181813,
      "18": 24.11831666666667,
      "19": 24.79021477272727,
      "20": 31.02126098484848,
      "21": 27.808344772727274,
      "22": 28.33054287878788,
      "23": 49.93546742424242,
      "24": 44.264151818181816
    }
  },
  "TiDE continuo": {
    "mae": 48.82115123021465,
    "rmse": 73.67883902741404,
    "mape": 51.02602035620817,
    "short": 71.25916293636364,
    "mid": 55.29612940217171,
    "long": 34.364656291161616,
    "zero_precision": 0.7857142857142857,
    "zero_recall": 0.05851063829787234,
    "zero_f1": 0.10891089108910892,
    "zero_accuracy": 0.8295454545454546,
    "tp": 11,
    "fp": 3,
    "fn": 177,
    "tn": 865,
    "n_actual_zeros": 188,
    "n_pred_zeros": 14,
    "mae_when_zero": 66.4860990781915,
    "mae_when_nonzero": 44.99510261798003,
    "n": 1056,
    "horizon_mae": {
      "1": 57.549471624242436,
      "2": 70.24340285454545,
      "3": 90.80638125681817,
      "4": 89.18208355303032,
      "5": 57.589928806818186,
      "6": 62.183709522727284,
      "7": 60.295610992424265,
      "8": 58.39506887878788,
      "9": 62.41393473878788,
      "10": 58.884780393939394,
      "11": 53.18145183333332,
      "12": 38.60592957575758,
      "13": 43.48779018181818,
      "14": 39.402019628787876,
      "15": 41.656994136363636,
      "16": 38.3331189469697,
      "17": 36.99242890151515,
      "18": 30.871079225757583,
      "19": 29.47298854545454,
      "20": 24.40451150757575,
      "21": 25.202733688636364,
      "22": 24.7633179280303,
      "23": 33.92447982575757,
      "24": 43.864412977272735
    }
  },
  "TiDE + Zero Detection": {
    "mae": 49.814417292361114,
    "rmse": 80.95540585974484,
    "mape": 54.44736025671209,
    "short": 66.92646412121212,
    "mid": 56.59965605176768,
    "long": 37.86577449823233,
    "zero_precision": 0.4458204334365325,
    "zero_recall": 0.7659574468085106,
    "zero_f1": 0.5636007827788649,
    "zero_accuracy": 0.7888257575757576,
    "tp": 144,
    "fp": 179,
    "fn": 44,
    "tn": 689,
    "n_actual_zeros": 188,
    "n_pred_zeros": 323,
    "mae_when_zero": 19.13713365957447,
    "mae_when_nonzero": 56.45880591328726,
    "n": 1056,
    "horizon_mae": {
      "1": 44.91036296212121,
      "2": 70.1587821590909,
      "3": 87.74137796969696,
      "4": 85.67304057575758,
      "5": 55.8222498030303,
      "6": 57.25297125757575,
      "7": 60.41947422727274,
      "8": 75.63426136363638,
      "9": 52.76531533333333,
      "10": 51.82888403030302,
      "11": 46.058430075757585,
      "12": 52.89157128030303,
      "13": 43.48779018181818,
      "14": 39.402019628787876,
      "15": 41.656994136363636,
      "16": 38.3331189469697,
      "17": 36.99242890151515,
      "18": 32.06598801363637,
      "19": 33.717891515151514,
      "20": 36.998062318181816,
      "21": 31.0924205219697,
      "22": 30.820069897727272,
      "23": 54.44099847727273,
      "24": 35.38151143939394
    }
  },
  "Weighted continuo": {
    "mae": 46.99966951948943,
    "rmse": 72.01201525681105,
    "mape": 48.10883656715615,
    "short": 69.5961536134154,
    "mid": 53.73488295287879,
    "long": 32.33382075583175,
    "zero_precision": 0.9166666666666666,
    "zero_recall": 0.05851063829787234,
    "zero_f1": 0.11000000000000001,
    "zero_accuracy": 0.8314393939393939,
    "tp": 11,
    "fp": 1,
    "fn": 177,
    "tn": 867,
    "n_actual_zeros": 188,
    "n_pred_zeros": 12,
    "mae_when_zero": 57.324951284375004,
    "mae_when_nonzero": 44.76331816949116,
    "n": 1056,
    "horizon_mae": {
      "1": 57.549471624242436,
      "2": 70.10270551969697,
      "3": 89.19595967481061,
      "4": 85.7179871619318,
      "5": 56.114257679924236,
      "6": 58.89654001988636,
      "7": 57.71388023295454,
      "8": 61.352908880681824,
      "9": 59.276182073333345,
      "10": 57.45851994318181,
      "11": 49.71491359469697,
      "12": 36.89289299242424,
      "13": 37.27425387121212,
      "14": 35.72449970549242,
      "15": 36.73316409090909,
      "16": 32.603793216856054,
      "17": 28.5984634469697,
      "18": 23.10777043579546,
      "19": 23.832775318181813,
      "20": 26.553610989583333,
      "21": 25.497487069318183,
      "22": 26.45554208001894,
      "23": 47.72131367613636,
      "24": 43.90317516950758
    }
  },
  "Weighted + Zero Detection": {
    "mae": 47.62596869207307,
    "rmse": 79.47814985276497,
    "mape": 49.410414262766054,
    "short": 66.90083399005681,
    "mid": 57.04003755255682,
    "long": 33.281501612839335,
    "zero_precision": 0.4485981308411215,
    "zero_recall": 0.7659574468085106,
    "zero_f1": 0.5658153241650294,
    "zero_accuracy": 0.790719696969697,
    "tp": 144,
    "fp": 177,
    "fn": 44,
    "tn": 691,
    "n_actual_zeros": 188,
    "n_pred_zeros": 321,
    "mae_when_zero": 20.326102259751774,
    "mae_when_nonzero": 53.53884298847446,
    "n": 1056,
    "horizon_mae": {
      "1": 44.91036296212121,
      "2": 70.57562085700756,
      "3": 87.26562167424241,
      "4": 84.34888015340908,
      "5": 56.43767189393939,
      "6": 57.86684639962121,
      "7": 60.559834931818166,
      "8": 76.31310586174244,
      "9": 52.84376913636365,
      "10": 53.81434357954545,
      "11": 46.505489602272725,
      "12": 52.20368220359848,
      "13": 37.27425387121212,
      "14": 35.72449970549242,
      "15": 36.73316409090909,
      "16": 32.603793216856054,
      "17": 28.5984634469697,
      "18": 23.91264177102273,
      "19": 25.426532681818173,
      "20": 30.28283861742424,
      "21": 27.075563561742424,
      "22": 27.777688523200755,
      "23": 50.14741597537878,
      "24": 43.82116389204546
    }
  }
}