{
  "Produccion (LGB+XGB)": {
    "mae": 50.76319105113636,
    "rmse": 82.04228939779604,
    "mape": 50.74522055688957,
    "short": 75.02682579545454,
    "mid": 61.39655631313132,
    "long": 33.3146910479798
  },
  "TiDE": {
    "mae": 48.82115123021465,
    "rmse": 73.67883902741404,
    "mape": 51.02602035620817,
    "short": 71.25916293636364,
    "mid": 55.29612940217171,
    "long": 34.364656291161616
  },
  "NHITS": {
    "mae": 58.764423921530934,
    "rmse": 83.91649864599633,
    "mape": 62.596162086228176,
    "short": 78.58474321060606,
    "mid": 68.72694749912878,
    "long": 43.87300248819444
  },
  "NBEATSx": {
    "mae": 56.069967287674245,
    "rmse": 82.22079430715135,
    "mape": 63.092651896203265,
    "short": 75.49270723118686,
    "mid": 62.14378184684344,
    "long": 43.32169003633333
  },
  "TiDE(1-6) + Prod(7-24)": {
    "mae": 49.821275336363634,
    "rmse": 76.3543194829595,
    "mape": 53.07770093263652,
    "short": 71.25916293636364,
    "mid": 61.39655631313132,
    "long": 33.3146910479798
  },
  "TiDE(1-9) + Prod(10-24)": {
    "mae": 49.047922242462114,
    "rmse": 73.91056947039851,
    "mape": 50.55968312752557,
    "short": 71.25916293636364,
    "mid": 58.303143937525256,
    "long": 33.3146910479798
  },
  "TiDE(1-12) + Prod(13-24)": {
    "mae": 48.29616860862374,
    "rmse": 73.27674587990805,
    "mape": 49.47052341376963,
    "short": 71.25916293636364,
    "mid": 55.29612940217171,
    "long": 33.3146910479798
  },
  "TiDE(1-15) + Prod(16-24)": {
    "mae": 48.94309107737374,
    "rmse": 73.92922148970555,
    "mape": 50.64899237851749,
    "short": 71.25916293636364,
    "mid": 55.29612940217171,
    "long": 34.6085359854798
  },
  "NHITS(1-9) + Prod(10-24)": {
    "mae": 52.99968580621844,
    "rmse": 80.05947820474567,
    "mape": 51.32291109529239,
    "short": 78.58474321060606,
    "mid": 66.78461791830809,
    "long": 33.3146910479798
  },
  "NHITS(1-12) + Prod(13-24)": {
    "mae": 53.485268201423615,
    "rmse": 80.39339268615257,
    "mape": 51.5402229360293,
    "short": 78.58474321060606,
    "mid": 68.72694749912878,
    "long": 33.3146910479798
  },
  "Weighted: TiDE*w + Prod*(1-w)": {
    "mae": 46.99966951948943,
    "rmse": 72.01201525681105,
    "mape": 48.108836567156146,
    "short": 69.5961536134154,
    "mid": 53.7348829528788,
    "long": 32.33382075583175
  },
  "Avg(TiDE,Prod) h<=12 + Prod": {
    "mae": 47.35902636712753,
    "rmse": 73.41211564887071,
    "mape": 46.81029340838928,
    "short": 68.05701150858586,
    "mid": 54.749711863964656,
    "long": 33.3146910479798
  },
  "Oracle (mejor por h)": {
    "mae": 46.04237517272727,
    "rmse": 72.64017040186026,
    "mape": 41.34533340513407,
    "short": 68.93408151856062,
    "mid": 54.30217677904041,
    "long": 30.46662119665404
  },
  "oracle_selection": {
    "1": "predicted",
    "2": "TiDE",
    "3": "NBEATSx",
    "4": "NBEATSx",
    "5": "TiDE",
    "6": "TiDE",
    "7": "TiDE",
    "8": "TiDE",
    "9": "predicted",
    "10": "TiDE",
    "11": "predicted",
    "12": "TiDE",
    "13": "predicted",
    "14": "predicted",
    "15": "predicted",
    "16": "predicted",
    "17": "predicted",
    "18": "predicted",
    "19": "predicted",
    "20": "TiDE",
    "21": "TiDE",
    "22": "TiDE",
    "23": "TiDE",
    "24": "NHITS"
  }
}