{
  "NHITS": {
    "mae": 59.10461575614685,
    "rmse": 83.99118111352809,
    "mape": 62.7797849069214,
    "zero_f1": 0.2711864406779661,
    "n_predictions": 1080,
    "n_windows": 46,
    "short_mae": 45.784186648814625,
    "mid_mae": 57.93580233930176,
    "long_mae": 66.61280313021744,
    "horizon_mae": {
      "1": 49.24647691637122,
      "2": 49.73419999908005,
      "3": 47.905458026485725,
      "4": 44.700572539005,
      "5": 41.59748318006432,
      "6": 41.520929231881404,
      "7": 39.84624028505187,
      "8": 49.9093449091505,
      "9": 40.664565308385775,
      "10": 54.587835966317634,
      "11": 76.09118013002296,
      "12": 87.09600342542407,
      "13": 89.58985954705133,
      "14": 78.6015519168023,
      "15": 82.67384062443486,
      "16": 75.7753586920392,
      "17": 78.12477523578066,
      "18": 75.65263368044766,
      "19": 70.36071395972512,
      "20": 60.99288393483017,
      "21": 46.13423789458766,
      "22": 47.49678518239339,
      "23": 47.038019609402745,
      "24": 45.545036415580974
    },
    "hourly_mae": {
      "0": 50.34084307006836,
      "1": 50.229948571922016,
      "2": 46.782921611029735,
      "3": 45.42256941479945,
      "4": 40.08120700431315,
      "5": 40.23400242640064,
      "6": 38.527711600197115,
      "7": 48.129338272583006,
      "8": 38.02371142654984,
      "9": 52.85297421094654,
      "10": 75.9343727402841,
      "11": 85.88666509758843,
      "12": 90.81652908275011,
      "13": 79.0975493348253,
      "14": 83.93734528697827,
      "15": 77.53272414780454,
      "16": 79.02952300126591,
      "17": 76.3157816700575,
      "18": 71.14105207751464,
      "19": 61.11817402251972,
      "20": 46.3230277632062,
      "21": 48.15491777095088,
      "22": 46.93322631339518,
      "23": 45.664662229573565
    }
  },
  "NBEATSx": {
    "mae": 55.848394908351004,
    "rmse": 81.69382484292761,
    "mape": 62.52067333198584,
    "zero_f1": 0.38805970149253727,
    "n_predictions": 1080,
    "n_windows": 46,
    "short_mae": 43.15628469905466,
    "mid_mae": 59.13032224071877,
    "long_mae": 60.75504562895581,
    "horizon_mae": {
      "1": 45.772351784977566,
      "2": 43.53768377954898,
      "3": 43.377147807931216,
      "4": 42.88447118441375,
      "5": 42.11169670595031,
      "6": 41.254356931506166,
      "7": 41.37237041376528,
      "8": 50.98302538769708,
      "9": 44.56500182609501,
      "10": 63.38788281606264,
      "11": 71.97648556940375,
      "12": 83.07283962417715,
      "13": 84.66438683237033,
      "14": 66.4819263920175,
      "15": 72.87576010966434,
      "16": 68.94976135618309,
      "17": 72.30682114913016,
      "18": 67.9510185636347,
      "19": 61.33622128132213,
      "20": 54.80281046034841,
      "21": 44.05867767568878,
      "22": 40.90813425476999,
      "23": 45.20292570660215,
      "24": 48.386838943592416
    },
    "hourly_mae": {
      "0": 46.789515157977064,
      "1": 42.882322907213,
      "2": 42.80019894453035,
      "3": 43.05469535267922,
      "4": 41.458905908085576,
      "5": 40.53622112731482,
      "6": 40.04761630034722,
      "7": 49.23706847573966,
      "8": 42.33992248039189,
      "9": 63.55442080027488,
      "10": 72.72493347616012,
      "11": 83.34254467499457,
      "12": 85.86058388814291,
      "13": 67.41180052580657,
      "14": 75.0756264665437,
      "15": 71.52200151158311,
      "16": 72.92508224707484,
      "17": 67.89732290100098,
      "18": 60.76563171633572,
      "19": 54.09802925735587,
      "20": 43.47200517400897,
      "21": 40.704089762433085,
      "22": 44.242690012188945,
      "23": 47.61824873224103
    }
  },
  "TiDE": {
    "mae": 48.93890460110474,
    "rmse": 73.53150884036971,
    "mape": 50.470137277634464,
    "zero_f1": 0.10837438423645318,
    "n_predictions": 1080,
    "n_windows": 46,
    "short_mae": 31.471632444817736,
    "mid_mae": 53.287881338592236,
    "long_mae": 55.77733588407205,
    "horizon_mae": {
      "1": 38.808313147609546,
      "2": 38.59288245348059,
      "3": 30.983801034342445,
      "4": 30.137719762440558,
      "5": 24.897697524697126,
      "6": 25.409380746336122,
      "7": 24.717050044431822,
      "8": 35.07550738857103,
      "9": 44.77424288533529,
      "10": 57.99744417153139,
      "11": 70.15132916349737,
      "12": 88.05134116139052,
      "13": 86.17509535517489,
      "14": 55.68213081742802,
      "15": 61.94032924141438,
      "16": 59.41595497177463,
      "17": 57.52010571698738,
      "18": 62.98992725033847,
      "19": 60.143061778610694,
      "20": 55.33913718624692,
      "21": 39.45433301509048,
      "22": 43.96996116398667,
      "23": 42.04753883673465,
      "24": 43.73899693758878
    },
    "hourly_mae": {
      "0": 38.84675295692274,
      "1": 37.55483657690429,
      "2": 30.208802286856194,
      "3": 29.281346640263312,
      "4": 24.05002616912616,
      "5": 24.671873448522497,
      "6": 24.430347934416595,
      "7": 33.9356139465332,
      "8": 43.713615647379555,
      "9": 58.231097600350836,
      "10": 70.69300318516258,
      "11": 89.31214297663936,
      "12": 87.2070074832402,
      "13": 56.7052719257722,
      "14": 62.52493843547906,
      "15": 60.99506861004865,
      "16": 58.12647553297707,
      "17": 63.252163147054034,
      "18": 59.72840293233688,
      "19": 54.37467699486852,
      "20": 38.94661145392072,
      "21": 43.27187001084165,
      "22": 41.36450977952293,
      "23": 43.10725475137442
    }
  },
  "Produccion (LGB+XGB)": {
    "mae": 50.76319105113636,
    "rmse": 82.04228939779604,
    "mape": 50.74522055688957,
    "zero_f1": 0.0,
    "n_predictions": 1056,
    "n_windows": 44,
    "short_mae": 75.02682579545454,
    "mid_mae": 61.39655631313132,
    "long_mae": 33.3146910479798,
    "horizon_mae": {
      "1": 51.64840053030303,
      "2": 82.25869666666667,
      "3": 92.78303863636364,
      "4": 90.47717931818183,
      "5": 64.9216471969697,
      "6": 68.07199242424242,
      "7": 62.50360189393939,
      "8": 79.26541037878788,
      "9": 57.89607659090909,
      "10": 60.66356856060606,
      "11": 51.73559424242424,
      "12": 56.315086212121216,
      "13": 37.87655977272727,
      "14": 35.74366287878788,
      "15": 35.40044204545455,
      "16": 32.17833674242424,
      "17": 28.30899181818182,
      "18": 24.11831666666667,
      "19": 24.79021477272727,
      "20": 31.02126098484848,
      "21": 27.808344772727274,
      "22": 28.330542878787877,
      "23": 49.93546742424243,
      "24": 44.264151818181816
    },
    "hourly_mae": {
      "0": 32.17833674242424,
      "1": 28.30899181818182,
      "2": 24.11831666666667,
      "3": 24.79021477272727,
      "4": 31.02126098484848,
      "5": 27.808344772727274,
      "6": 28.330542878787877,
      "7": 49.93546742424243,
      "8": 44.264151818181816,
      "9": 51.64840053030303,
      "10": 82.25869666666667,
      "11": 92.78303863636364,
      "12": 90.47717931818183,
      "13": 64.9216471969697,
      "14": 68.07199242424242,
      "15": 62.50360189393939,
      "16": 79.26541037878788,
      "17": 57.89607659090909,
      "18": 60.66356856060606,
      "19": 51.73559424242424,
      "20": 56.315086212121216,
      "21": 37.87655977272727,
      "22": 35.74366287878788,
      "23": 35.40044204545455
    }
  },
  "Persistencia 24h": {
    "mae": 52.14219769570707,
    "rmse": 93.36272107969982,
    "mape": 58.62589157369816,
    "zero_f1": 0.0,
    "n_predictions": 1056,
    "n_windows": 0,
    "short_mae": 52.14219769570707,
    "mid_mae": 52.14219769570707,
    "long_mae": 52.14219769570707,
    "horizon_mae": {},
    "hourly_mae": {}
  }
}