{
  "Produccion (LGB+XGB)": {
    "mae": 38.784128468974124,
    "rmse": 54.74056632726165,
    "mape": 89.14216761068016,
    "short": 20.61344696969697,
    "mid": 44.32280701754385,
    "long": 44.95068027210884,
    "zero_f1": 0.2360248447204969,
    "zero_precision": 0.14357682619647355,
    "zero_recall": 0.6627906976744186,
    "tp": 57,
    "fp": 340,
    "fn": 29,
    "tn": 643,
    "n_actual_zeros": 86,
    "n_pred_zeros": 397,
    "mae_when_zero": 28.57058139534884,
    "mae_when_nonzero": 39.67768396066463,
    "n": 1069
  },
  "TiDE continuo": {
    "mae": 30.001162680386656,
    "rmse": 44.43354516268328,
    "mape": 70.54802161191684,
    "short": 18.81590088131313,
    "mid": 23.320148704260653,
    "long": 38.77678203586889,
    "zero_f1": 0.0,
    "zero_precision": 0.0,
    "zero_recall": 0.0,
    "tp": 0,
    "fp": 0,
    "fn": 86,
    "tn": 983,
    "n_actual_zeros": 86,
    "n_pred_zeros": 0,
    "mae_when_zero": 53.95833558139535,
    "mae_when_nonzero": 27.905214695150896,
    "n": 1069
  },
  "TiDE + Zero Detection": {
    "mae": 39.4457781272217,
    "rmse": 55.261961412694056,
    "mape": 85.68760633088208,
    "short": 24.016528854797976,
    "mid": 44.92138653508771,
    "long": 44.300713139146566,
    "zero_f1": 0.2360248447204969,
    "zero_precision": 0.14357682619647355,
    "zero_recall": 0.6627906976744186,
    "tp": 57,
    "fp": 340,
    "fn": 29,
    "tn": 643,
    "n_actual_zeros": 86,
    "n_pred_zeros": 397,
    "mae_when_zero": 27.534107581395347,
    "mae_when_nonzero": 40.48789782909461,
    "n": 1069
  },
  "Weighted continuo": {
    "mae": 31.42687331770346,
    "rmse": 46.38109071411745,
    "mape": 71.84902773036309,
    "short": 17.913644746527776,
    "mid": 25.571467649906015,
    "long": 40.93527823500309,
    "zero_f1": 0.0,
    "zero_precision": 0.0,
    "zero_recall": 0.0,
    "tp": 0,
    "fp": 0,
    "fn": 86,
    "tn": 983,
    "n_actual_zeros": 86,
    "n_pred_zeros": 0,
    "mae_when_zero": 42.078909687015496,
    "mae_when_nonzero": 30.49495558854696,
    "n": 1069
  },
  "Weighted + Zero Detection": {
    "mae": 39.063621490762394,
    "rmse": 54.73176202286491,
    "mape": 88.55758837831057,
    "short": 23.34453828125,
    "mid": 44.5133266174812,
    "long": 44.0732994195269,
    "zero_f1": 0.2360248447204969,
    "zero_precision": 0.14357682619647355,
    "zero_recall": 0.6627906976744186,
    "tp": 57,
    "fp": 340,
    "fn": 29,
    "tn": 643,
    "n_actual_zeros": 86,
    "n_pred_zeros": 397,
    "mae_when_zero": 28.162901868701546,
    "mae_when_nonzero": 40.01729584223465,
    "n": 1069
  },
  "Persistencia 24h": {
    "mae": 35.30945692883895,
    "rmse": 56.66353590180121,
    "mape": 72.4729965500734,
    "short": 18.88611111111111,
    "mid": 31.628709273182952,
    "long": 45.188345724907066,
    "zero_f1": 0.3294117647058823,
    "zero_precision": 0.3333333333333333,
    "zero_recall": 0.32558139534883723,
    "tp": 28,
    "fp": 56,
    "fn": 58,
    "tn": 926,
    "n_actual_zeros": 86,
    "n_pred_zeros": 84,
    "mae_when_zero": 48.6534496124031,
    "mae_when_nonzero": 34.14083842498302,
    "n": 1068
  }
}