{
  "TiDE continuo": {
    "mae_mean": 40.14511579391472,
    "mae_std": 10.268008315147197,
    "rmse_mean": 57.42621129528807,
    "rmse_std": 14.954595719092636,
    "mape_mean": 50.571812283081705,
    "mape_std": 4.443697469571196,
    "zero_f1_mean": 0.07014781966001478,
    "zero_f1_std": 0.060613507014649286,
    "n_folds": 5,
    "fold_maes": [
      36.18385249321446,
      48.70001977125062,
      52.593598540137044,
      39.933695372511146,
      23.31441279246032
    ]
  },
  "Weighted continuo": {
    "mae_mean": 41.42916591411057,
    "mae_std": 9.835184678605073,
    "rmse_mean": 59.345872267224976,
    "rmse_std": 14.077553087016847,
    "mape_mean": 49.29278152412811,
    "mape_std": 3.926714652394985,
    "zero_f1_mean": 0.056151250191747194,
    "zero_f1_std": 0.048472068473640016,
    "n_folds": 5,
    "fold_maes": [
      37.876467450136204,
      44.21417333153961,
      56.78588208710231,
      41.91372131987989,
      26.35558538189484
    ]
  },
  "Weighted + Zero Detection": {
    "mae_mean": 45.46641588728021,
    "mae_std": 9.077632867553477,
    "rmse_mean": 65.79802972250181,
    "rmse_std": 15.395592018037116,
    "mape_mean": 57.957796636018756,
    "mape_std": 5.732706039966949,
    "zero_f1_mean": 0.3762051020237586,
    "zero_f1_std": 0.1166328828534425,
    "n_folds": 5,
    "fold_maes": [
      42.15908779036652,
      48.775894492277025,
      59.771560414451784,
      44.76022984905275,
      31.865306890252977
    ]
  },
  "Persistencia 24h": {
    "mae_mean": 45.59008396304516,
    "mae_std": 9.27769960579199,
    "rmse_mean": 72.95943815558323,
    "rmse_std": 16.99061690315008,
    "mape_mean": 62.27875223972643,
    "mape_std": 8.072161096586612,
    "zero_f1_mean": 0.3826095562005399,
    "zero_f1_std": 0.1410002370141933,
    "n_folds": 5,
    "fold_maes": [
      40.135945601783064,
      49.20654253132832,
      55.79738043609022,
      52.54839029222387,
      30.262160953800297
    ]
  },
  "Produccion (LGB+XGB)": {
    "mae_mean": 46.39747529141576,
    "mae_std": 9.1876445009954,
    "rmse_mean": 67.19878136831437,
    "rmse_std": 14.966678369778242,
    "mape_mean": 56.978348816298116,
    "mape_std": 7.525229619272711,
    "zero_f1_mean": 0.3762051020237586,
    "zero_f1_std": 0.1166328828534425,
    "n_folds": 5,
    "fold_maes": [
      42.98062496780585,
      47.59913257598405,
      61.704484375917765,
      46.52025755324418,
      33.182876984126985
    ]
  }
}