{
  "training_date": "2026-01-29T16:45:49.605871",
  "device": "cuda",
  "techniques": {
    "deep_ensemble": 3,
    "data_augmentation": true,
    "swa": true,
    "aggregation": "mean"
  },
  "tsmixer_config": {
    "input_size": 336,
    "horizon": 24,
    "n_block": 10,
    "ff_dim": 128,
    "dropout": 0.308,
    "revin": true,
    "learning_rate": 0.00059,
    "max_steps": 3000,
    "batch_size": 64,
    "val_check_steps": 50,
    "early_stop_patience": 15
  },
  "results": {
    "persistence": {
      "t+1": 51.074613302158276,
      "t+2": 54.33293568804035,
      "t+3": 57.108133091630584,
      "t+4": 59.425888381502894,
      "t+5": 61.52758636758321,
      "t+6": 63.358477398550725,
      "t+7": 65.5816185486212,
      "t+8": 67.90274223110465,
      "t+9": 69.04740697234352,
      "t+10": 69.41586191690962,
      "t+11": 69.47254040145985,
      "t+12": 69.48690349780702,
      "t+13": 69.63121253660323,
      "t+14": 69.78334087243402,
      "t+15": 69.31941558737151,
      "t+16": 67.52846204411765,
      "t+17": 65.8712303681885,
      "t+18": 64.46936651917403,
      "t+19": 62.78201230059085,
      "t+20": 60.810290591715976,
      "t+21": 59.595905296296294,
      "t+22": 59.231664981454,
      "t+23": 59.23656202451709,
      "t+24": 59.684455725446426,
      "average": 63.569942776900895
    },
    "tsmixer_ensemble": {
      "t+1": 20.5215854884847,
      "t+2": 20.679179206227616,
      "t+3": 19.738783735209147,
      "t+4": 18.645217554829916,
      "t+5": 20.673684476175946,
      "t+6": 21.24564804290771,
      "t+7": 20.284704962158205,
      "t+8": 25.55928063439941,
      "t+9": 36.38565460839844,
      "t+10": 53.0006735472819,
      "t+11": 51.50526920320638,
      "t+12": 55.94419357572429,
      "t+13": 70.84731955092366,
      "t+14": 68.99224933740236,
      "t+15": 67.57185897460937,
      "t+16": 69.68460671728515,
      "t+17": 62.08170443485514,
      "t+18": 52.53519558748373,
      "t+19": 39.692976546346024,
      "t+20": 46.08606934924316,
      "t+21": 45.69179204276531,
      "t+22": 47.06028283764648,
      "t+23": 47.150322762044276,
      "t+24": 42.49256678157552,
      "average": 42.66961749821599
    },
    "ml_ensemble": {
      "t+9": 41.479417743689936,
      "t+10": 41.87763576955071,
      "t+11": 41.00537192840972,
      "t+12": 41.92865111161668,
      "t+13": 41.29881247152323,
      "t+14": 40.98055967140161,
      "t+15": 40.44813709972247,
      "t+16": 40.61547259805795,
      "t+17": 40.4212593266549,
      "t+18": 41.11885724091613,
      "t+19": 40.76255129564845,
      "t+20": 41.65253384787925,
      "t+21": 42.455123089792295,
      "t+22": 43.25988665658911,
      "average": 41.37887641796088
    },
    "hybrid": {
      "t+1": 20.5215854884847,
      "t+2": 20.679179206227616,
      "t+3": 19.738783735209147,
      "t+4": 18.645217554829916,
      "t+5": 20.673684476175946,
      "t+6": 21.24564804290771,
      "t+7": 20.284704962158205,
      "t+8": 25.55928063439941,
      "t+23": 47.150322762044276,
      "t+24": 42.49256678157552,
      "t+9": 41.479417743689936,
      "t+10": 41.87763576955071,
      "t+11": 41.00537192840972,
      "t+12": 41.92865111161668,
      "t+13": 41.29881247152323,
      "t+14": 40.98055967140161,
      "t+15": 40.44813709972247,
      "t+16": 40.61547259805795,
      "t+17": 40.4212593266549,
      "t+18": 41.11885724091613,
      "t+19": 40.76255129564845,
      "t+20": 41.65253384787925,
      "t+21": 42.455123089792295,
      "t+22": 43.25988665658911,
      "average": 34.84563514564437
    }
  },
  "improvements": {
    "tsmixer_vs_baseline": 32.877684587564794,
    "hybrid_vs_baseline": 45.1853602134969
  }
}